<?xml version="1.0"?>
<opencv_storage>
<calibration_time>"Tue 04 May 2021 02:29:48 PM EDT"</calibration_time>
<image_width>1920</image_width>
<image_height>1080</image_height>
<flags>0</flags>
<camera_matrix type_id="opencv-matrix">
  <rows>3</rows>
  <cols>3</cols>
  <dt>d</dt>
  <data>
    2.4616585077623431e+03 0. 9.5977352031280839e+02 0.
    2.4655404595328077e+03 4.9582376239695259e+02 0. 0. 1.</data></camera_matrix>
<distortion_coefficients type_id="opencv-matrix">
  <rows>1</rows>
  <cols>5</cols>
  <dt>d</dt>
  <data>
    -6.3780484651360131e-02 1.0254882872016213e+00
    2.7811565122694876e-03 1.2032432565122929e-03
    -4.4987214465379237e+00</data></distortion_coefficients>
<avg_reprojection_error>8.4816695197244008e-01</avg_reprojection_error>
</opencv_storage>
